0,402599,387121,402275,382842,387743,369248,387383,367833,375130,356589,369091,349698,375956,357310,364935,347609,361223,343268,349764,332621,338428,324206,338071,322947,349245,330614,361709,342852,366674,349387,374252,357330,387733,368244,403385,384565,401648,382525,308736,295358,410357,390827,418013,397837,406611,385946,398946,379305,398539,378230,401630,380820,391425,371776,382332,362931
1,393976,377580,401584,386112,400650,381687,386349,368161,386298,367245,374390,355657,369029,349698,374946,356606,365074,347991,359406,342236,348582,330944,337603,324560,338234,322982,349375,330094,361628,343465,366182,349524,374702,357452,387461,368244,403114,384669,303817,291099,403135,385277,413081,393627,420824,400531,410093,389528,403020,383105,402554,382188,405063,384222,395273,375341
2,392047,375712,393973,377531,401537,385857,400237,381464,386458,368337,385618,366616,373881,355145,369646,350257,374945,357035,364241,347883,358111,340532,348023,331576,338055,324724,338648,322718,349535,331010,361251,343713,367056,349913,374743,357640,387409,368545,307095,294064,399930,382279,405554,387710,415772,396066,423978,403832,413548,393156,406751,386860,405600,385080,408684,387630
3,398715,380941,392315,375967,394236,377770,401924,385987,400153,381288,386774,368363,385021,366026,373854,354921,370542,351429,374494,356990,364070,347040,357689,341187,348395,331730,338616,324629,338837,323543,349464,331414,362100,344193,367212,350065,374849,357952,297503,284365,404523,385930,402100,384339,407847,389601,418718,398979,427117,406959,416855,396501,409631,389445,408882,388301
4,387158,371021,398251,380610,392044,375699,394705,378116,402530,386114,400261,381302,386591,368293,384250,365466,373984,355258,371197,352338,374101,355999,363872,347937,358280,341504,349033,331738,338849,325411,338703,323904,350254,331868,362212,344451,367284,350402,291954,280294,391667,372956,406458,387600,404355,386070,410635,392256,421505,401913,430088,410067,419403,399096,412553,392101
5,384327,366481,387053,370790,398474,380364,392488,375572,395135,377967,403413,386044,400270,380846,386999,368166,384347,364964,373875,354228,371542,353202,374580,356280,364423,348723,358717,342209,348530,331371,338609,325224,338950,324583,350329,332152,362724,345073,280492,269442,383111,366267,393453,374435,408315,389268,406859,388465,413235,394805,424001,404600,432265,412302,421934,401270
6,381807,364926,384087,366665,387081,371088,398596,380536,393056,376092,396197,378603,403778,386064,400250,381046,387461,369005,383358,364217,373470,354416,371861,353264,374998,356974,364714,349297,358204,341895,348278,331151,338828,325860,339088,324910,350833,332804,276167,265101,368248,351340,384621,367473,395136,375864,410298,391339,408987,390552,415558,396926,425964,406442,434333,414348
7,366999,350801,382084,365097,383843,366524,387494,371397,398904,380615,393602,376163,396543,378634,404082,385997,400160,381209,387225,368486,381883,363876,373939,354637,372371,354102,375430,357748,364291,349013,357947,341695,348529,331802,339001,326279,339577,325589,308387,256730,361924,344955,369750,352763,386174,368856,397092,377734,412479,393340,411238,392573,417358,398616,427809,408199
8,368827,351857,367317,351130,382686,365393,384019,366708,388073,371707,399274,380641,393754,376152,397193,378899,405028,386498,399688,380693,386957,368950,382354,364114,374369,355381,372882,354777,374784,357404,364067,348863,358229,342380,348691,332200,339567,326918,263146,252017,351669,334365,363335,346254,371285,354135,388047,370587,399245,379516,414564,395203,413133,394153,419161,400663
9,368616,351956,368312,352042,367561,351571,383364,365973,384045,366808,388619,372134,399243,380682,394031,376411,397882,379824,405420,386397,399224,381113,387419,369122,382875,364770,374701,355966,372505,354552,374536,357215,364224,349416,358359,342733,349174,332799,269479,258870,345654,329167,353113,335858,364734,347682,373033,355806,389988,372299,401517,381276,416568,396645,414994,395813
10,374440,358430,367908,351574,367575,351867,368306,352024,384446,366336,384380,366877,388935,372111,399455,380572,394662,376787,398470,379373,405938,385985,400277,381966,388669,369267,383248,364110,375417,355679,372267,355004,375013,358024,364112,349482,359116,342625,276767,264984,354100,339048,347226,330653,354532,337332,366432,349445,375072,357559,392321,374109,403604,382776,418348,398640
11,377423,360724,374549,359150,367978,352099,367801,352300,369160,352721,385696,367083,384743,367152,389669,372617,400346,381388,395023,376573,399266,379659,407083,386918,401636,382271,389189,368767,384104,364002,375293,356158,372627,355677,374949,358075,364876,349485,285865,273182,365394,346840,355747,340714,348749,332241,356307,339212,368574,351456,377345,359526,394338,375785,405604,384526
12,364362,346334,377014,360819,374347,359479,367808,352357,367813,352456,370043,353241,386347,367350,384983,367204,390342,373255,400521,380982,395459,376385,400166,380410,408292,387269,401889,381635,389813,368603,383834,364383,375630,356824,372524,355662,375637,357969,289343,276928,376524,358569,366797,348500,357270,342374,350585,334243,358439,341255,370934,353532,379375,361456,396531,377837
13,336326,320372,364222,346784,376873,361184,374490,359929,367832,352898,367856,353044,370731,353734,387543,368043,385473,368176,390985,373416,400917,381240,396540,377136,401581,380788,408603,386637,402690,381490,389764,369064,384254,365156,375686,357019,373337,355687,297819,284785,381599,363614,378160,360096,368245,349981,359217,344294,352759,336249,360714,343277,372852,355230,381466,363458
14,331472,314830,336008,320776,364030,347055,377055,361514,374697,360239,368156,353151,367760,352936,371317,354107,388480,368708,385763,367772,391566,373351,401986,382015,397986,377521,401921,380175,409399,386462,402546,381876,390088,369772,384246,365217,376442,356973,297730,282307,392835,374099,383383,365070,379818,361600,370451,351808,361698,346190,355305,337999,363060,344910,375311,357173
15,346593,329900,331314,315493,335945,321424,364014,347721,377189,362395,375001,360894,368738,353780,368285,353176,371965,354562,388092,367725,387733,368605,394271,373517,405068,383379,400101,379324,403866,382149,412315,387227,404804,383282,391824,371377,386474,366971,296586,282479,395133,371544,394406,375419,385034,366341,382178,363519,373264,353812,364968,348297,357910,339874,365807,346926
16,361836,343608,345821,330247,330770,315937,335452,321973,363635,348397,377001,362689,375209,361379,368738,354090,368642,353452,372243,354234,391401,369753,391159,369201,397924,375589,408057,385993,402980,382238,407664,383399,415272,389269,407306,385560,394793,373840,307164,291513,394082,373732,396729,372553,395915,376537,387370,368357,385048,365519,376563,356064,367571,350232,360771,341812
17,373556,355981,359114,343827,344844,330475,330088,316444,334665,322489,363457,348673,377033,363145,375207,361624,369382,354535,368023,352414,376072,356562,395200,370557,395413,371777,401264,378834,411404,389640,407247,383387,410888,385553,417746,391810,410411,388513,307201,294219,408483,387003,396082,375073,398709,373850,399245,378976,391202,371239,389347,368440,380102,358442,371195,353628
18,399529,380345,370105,355955,355673,343876,340735,330595,325317,315918,328816,321084,356389,346538,369144,359950,367957,358817,360375,348100,365749,350635,381469,357421,401021,374146,400574,377244,404749,384988,417378,391646,411882,387773,414165,390904,422245,397795,314713,306492,409760,393550,410866,389996,398061,377565,402795,377544,403985,383393,396213,375458,393380,372465,384777,362219
19,423364,404702,395860,383467,366197,360334,350527,349356,336157,337560,319054,322890,322006,327446,348096,351381,361435,364809,360922,360479,358334,353168,373511,352730,390154,364076,408558,383267,406812,388622,415564,390265,425996,400906,417779,398566,421506,401850,323126,309374,424096,415610,414805,399774,415588,395608,405080,384616,410770,385641,412473,391104,402671,381588,401688,380427
20,437341,429090,422297,406677,398187,383755,370417,360171,357244,348904,344779,337058,330487,323954,335561,330342,359060,351207,373039,367254,372422,369210,361172,357309,376393,357705,397125,370253,415310,392129,413040,398209,423590,397406,430697,408377,421507,403304,317465,303659,442154,423891,428641,420663,419446,404805,423195,402988,414063,393000,420121,393674,419047,397554,411122,388931
21,435884,425206,436625,430247,421664,408734,396888,386045,370378,362953,357141,351006,345410,339619,331749,327977,336043,333160,357911,353921,373962,371302,375631,373780,364389,362961,384958,364870,405825,381239,423085,403671,423278,406792,429697,406359,435282,414262,312375,306892,436928,418453,446454,429036,433015,424883,426003,409918,431038,409522,422155,398448,425542,397973,426309,402450
22,449859,443403,434746,426705,435997,431416,420685,411441,397135,389154,370552,365758,357333,353664,346406,343298,333747,333080,337538,337549,360497,359311,377363,376600,379051,380198,374385,371491,395259,377902,414943,394766,434917,413557,430303,416949,435198,412921,317950,317990,431718,423010,442113,424725,450644,434604,439199,431518,433886,418170,439167,415997,426923,404109,432658,405362
23,453097,448646,447971,444505,433134,428099,434055,433370,420490,414749,396725,391899,370328,368381,357377,356112,348844,348204,336437,338841,342664,344549,363861,363693,380818,382098,389581,387916,385036,382484,404835,389651,427367,403496,442400,422224,435600,422417,310236,318099,436069,434139,436112,428938,446087,430208,456303,440820,446514,439399,441826,424931,443367,421120,433554,411037
24,465385,460272,451252,449304,445879,445085,431024,429848,433373,435033,419717,416930,396120,394059,369705,370857,359755,360927,351659,352670,342932,345834,346237,349047,367351,369208,391193,389691,399901,398505,394247,393693,416868,398076,434469,411829,447887,427683,322944,323898,423165,429936,438518,437730,438115,432384,449819,434310,462222,446869,453162,444270,443583,428016,447422,425730
25,465881,468960,464089,460985,449701,450053,444350,446595,431661,431804,434141,436614,419549,419340,396635,396893,373304,376146,365353,367986,357728,357457,348157,348221,350501,352911,371862,374838,398870,398076,406411,402783,402527,399430,424198,400019,436583,414575,326124,328083,433531,430890,425693,432413,440777,440297,441942,435672,455341,439199,468437,450772,455416,447038,447101,431409
26,476401,478825,464684,469079,462885,461823,448888,451954,445556,448310,432331,433515,433846,438431,419568,422460,399561,401765,378190,382736,371059,372225,362801,359736,352420,351926,354798,358152,379000,382922,404825,402022,413841,407993,409294,401222,425985,402435,318750,323259,435689,434445,434997,433097,428079,434845,444300,443412,446764,440630,460896,443360,469675,453523,457870,450115
27,475334,477660,474236,478006,463608,469318,462403,463889,450180,453782,445866,449758,432156,435513,434155,440597,422494,427116,404296,407703,383943,386876,376066,374271,366734,363052,356376,356734,361378,365122,384591,386157,411811,406841,420239,409510,411062,403189,321024,323259,425126,427294,437079,436159,437077,435303,430844,437881,448965,448203,452199,444416,461853,445869,470965,456180
28,465058,469120,472213,476393,472011,477139,462953,470392,463689,464997,451212,455336,445436,451084,432021,437489,436513,443757,426637,433061,408892,411372,388681,388914,380047,377421,370653,367391,362855,363057,366836,368347,391352,390507,418083,408160,421947,411643,321238,327923,428262,433973,425550,428939,438543,437827,439341,437818,434633,442025,453723,451898,452862,446877,462696,447914
29,454073,458941,462933,468276,470059,475373,471193,477733,463966,470939,464142,466349,451270,456932,445603,452686,434274,440390,440461,447755,430349,436402,413315,413139,392244,391733,383512,381381,376386,372955,367694,365775,372798,371963,397000,391651,419933,410132,330708,329660,428925,436106,428918,435282,427226,430737,440786,440427,443500,441974,439588,445359,454662,454213,454070,448855
30,449767,447437,451927,457446,460892,467244,468430,475552,471350,477510,464778,471625,464199,467840,450912,458331,447247,455427,437589,444453,443537,450331,430182,437968,413334,414834,392743,392387,385790,385423,377903,376462,368586,365832,376755,374731,401180,392138,331716,334975,434468,439051,428618,437079,430041,436631,428785,432652,443494,443595,447143,444522,439422,446946,455376,455763
31,429763,428919,447092,446813,450223,456763,459782,467856,468178,475201,471216,477627,464665,472447,464235,468855,452642,460367,450337,458180,440875,446446,443353,451773,430050,439505,413629,415375,394481,395755,386827,388343,378413,376350,371683,368008,380001,375236,320096,320832,436318,439370,434272,439897,429646,438111,431942,437706,431902,434663,446994,445011,447252,445741,439884,448522
32,415327,421525,427861,428634,444671,446177,448943,457363,459478,467653,468093,475385,470759,478050,464430,472924,465348,470525,454765,463037,452445,460007,440882,447730,443424,453340,430401,440034,415282,418565,395372,398404,387199,388171,381213,378508,374547,368056,299360,300233,420578,420458,435420,440236,434707,440844,430806,439177,434309,439796,434760,436330,446958,446280,448165,447555
33,406351,413297,415059,421315,426601,428378,443263,446740,449022,456966,459603,467757,467413,475491,470351,478174,465359,473973,467598,472736,457003,464604,452299,461165,440828,449068,443605,453795,431706,442569,415977,420597,395725,398113,389769,389691,383693,378625,295397,295547,392479,392630,419307,420837,435306,440949,435563,441830,432286,441050,436208,441075,434081,437931,447012,447937
34,393984,401096,406403,413325,414236,420921,425428,428993,442191,446250,448721,456830,458574,467812,466020,475295,470301,478592,467262,475680,469372,474075,456731,465603,452268,462291,440944,449493,444713,456030,432154,444476,415997,420338,397847,399595,392172,390124,298954,303753,387494,386014,391579,392638,419275,421492,436148,441771,437099,443329,434159,441961,435539,442134,433650,439493
35,386069,386580,393775,400665,406198,412936,413798,421051,424544,428011,440699,445538,447421,456272,457506,467367,465775,475486,470495,479312,467808,476112,469768,474989,458526,465173,452733,463726,443786,450220,445442,456866,434142,445382,416085,420912,397228,400814,305546,309862,393012,395571,386492,385975,391241,393045,419462,422429,437332,443039,438530,444148,433725,442923,435220,443562
36,374026,375151,385374,386910,393584,400743,406188,413850,413719,420710,423845,427973,439319,445657,446403,456247,457456,468165,465539,476509,470628,479621,468285,476965,471431,474706,458857,466403,455128,464324,444281,450964,447107,457400,434096,445664,415492,421936,310169,316642,400161,403845,392220,395704,386384,386510,391352,394056,420414,424046,438648,444196,438593,445370,433790,444015
37,379092,380883,373436,375760,384515,387003,393513,401359,406284,413429,413508,420317,422888,427677,438087,445162,446446,456245,457582,468446,465586,475977,470947,480404,469724,476736,471702,475903,461170,466978,455487,464882,445793,451498,446983,457684,433446,446707,323925,330459,406697,411842,399472,403708,391879,395933,386382,387381,392107,395566,421655,425202,438264,445046,438225,446006
38,376454,378976,378216,380855,372877,376121,383932,387726,393820,400997,406514,413499,413061,420078,422098,427571,437787,445314,446374,456710,457702,468409,465907,476697,472320,480084,469876,477799,473605,476248,461367,467544,456586,465384,445614,451888,446344,458642,337765,345514,425323,430362,405867,411951,399591,404075,392113,396783,387285,388680,393382,396362,421986,425676,438053,445383
39,368308,372810,376128,378996,377778,381052,372815,377077,383953,387629,393979,401199,406590,413691,412998,420085,422473,427922,437535,446024,446564,456727,457795,468912,467193,476382,472167,480916,471556,478000,473650,476715,462273,467944,456368,465352,444686,452674,348559,358382,443860,449741,424616,430330,405993,412159,399502,404722,392441,398028,387930,389484,393600,397019,422038,425942
40,378560,378911,367994,372850,375079,378466,377289,381395,373039,377065,383626,387668,394035,401027,406596,413468,413122,419872,421621,428401,435849,445078,447799,457109,457050,469047,465406,476644,473177,481089,470084,477547,473025,477694,461495,466448,456936,465715,341214,349613,455459,468191,442685,449826,424786,430588,405707,412857,399874,406065,392911,399287,387755,390350,393518,397469
41,388135,390835,377789,378808,367708,372881,374715,378501,377044,381109,373043,377202,383193,387636,393931,400866,407261,413747,413353,420421,421299,427852,436741,445257,446836,457115,455157,469187,466039,476795,471651,480473,469261,478452,471940,476151,461924,466727,349561,358807,445586,456966,454295,468105,442618,449873,424496,430848,405771,413492,399936,406885,392788,399742,387736,390564
42,401857,403787,387093,390559,376701,378491,367509,373053,374366,378026,376938,380942,372874,377190,382779,387549,394405,401067,407677,414387,413211,419859,422078,427881,436091,445146,445181,457122,455579,469191,464529,476116,470664,481183,468285,476994,472041,476304,350201,358618,456783,469434,444650,457121,454204,468257,442518,450316,425003,431616,406621,414861,400292,407625,393134,400468
43,428232,431339,400926,403461,386367,390173,375807,378290,367533,372868,373848,377658,376430,380780,372683,377261,382864,387747,395186,401531,407860,413931,413788,419836,421208,427765,434326,445110,445238,456997,454028,468550,463534,476657,469518,479773,468178,477021,356335,363099,457484,469357,455623,469260,444442,456953,454049,468327,443067,450901,425495,432517,406866,415180,400211,407912
44,468755,468801,427482,431389,400048,402880,385759,390103,375337,377776,367500,372820,373463,377441,375776,380681,372835,377886,382818,388438,395179,401118,408273,413768,412993,419649,419458,427574,434446,444975,443699,456210,453073,468937,462401,475306,469460,479709,353331,365083,466094,474193,456408,469322,455394,469191,444432,456926,454825,468750,443921,451631,425931,432838,407039,415341
45,366479,366795,465708,466280,426536,430683,398978,402264,384786,389232,374100,377155,366915,372481,372499,376671,375307,380599,372277,378432,382203,387623,392166,399983,407590,413352,412454,418720,418392,427104,433894,444285,440827,455852,452038,468700,461959,474868,355863,367549,463686,476570,465075,474145,455954,469370,455343,469288,444995,457361,455248,469455,443892,451901,425447,433399
46,360957,361936,366379,366888,463000,464582,425863,430413,398169,401454,383709,388744,372794,376668,366387,372178,371858,376543,374451,380760,371993,377732,379224,386598,391469,399443,406992,412443,411330,418257,417695,426433,431117,443902,439671,455484,451455,468234,353218,363943,468213,480677,462711,476341,464383,474091,455793,469488,455570,469734,445377,458020,455056,469694,443536,452204
47,364634,363957,360300,361797,365872,367078,460897,462403,425068,429480,397023,400718,382554,387892,371672,375909,366124,372013,370898,376554,373881,379912,369027,376752,378275,386011,390680,398524,405789,411838,410564,417476,415065,425988,429966,443491,439082,454974,345561,356046,464223,476378,467094,480379,462066,476313,464096,474146,456082,469923,455765,470035,445052,458143,454593,470036
48,346692,346743,362858,362797,359507,361635,365324,367287,458626,460339,424111,428901,395747,399928,381325,387202,370629,375407,365514,372125,369972,375515,371052,378760,368083,376077,377486,385004,389408,397896,404940,410990,407886,416857,413806,425608,429257,442880,339064,347302,456079,466410,463093,476069,466255,480288,461581,476492,464148,474510,456227,470060,455389,470036,444402,458544
49,317691,317667,345535,346190,361240,361766,358749,361563,364581,366996,456130,458644,422831,428205,394528,399090,380427,386669,369338,375099,364913,371385,367101,374330,369902,378004,367093,375063,376177,384235,388359,396925,402314,410369,406619,416350,412940,424969,329012,335227,447778,455551,454825,465927,462096,475837,465883,480500,461581,476841,464338,474622,455680,470088,455038,470201
50,293191,294363,315825,316796,344115,345402,359269,360599,358013,360933,363945,366864,453136,456685,421561,427365,393111,398235,379263,386342,367198,374040,363590,370791,365491,372652,367802,376535,366223,373791,374380,383074,386897,395621,401713,409626,405551,415422,315976,322573,433173,440842,446615,454930,453909,465461,461548,475816,465548,480584,461476,476699,463755,474415,455264,470090
51,309981,311059,292447,294360,314135,316028,342713,344854,357646,359343,357148,360433,362955,366451,450251,454843,420342,426429,391939,397825,377423,385272,365704,373372,361946,369171,363237,371117,366804,375241,364298,372707,372784,381666,386251,394767,400598,408719,309388,315490,416388,423843,432047,440096,445463,454378,453143,465278,461048,475891,465066,480428,460454,476529,463020,474274
52,312193,314982,308408,310429,291306,294183,312408,315034,341355,343784,355811,358028,355915,359781,361928,366091,447711,452710,419355,425918,390023,396588,375761,384471,363910,371582,359611,367569,362068,369642,364701,373985,362667,371278,372038,380840,384965,393700,303351,308371,407779,415362,414983,423069,430843,439386,444761,454044,452399,464911,460647,475422,464152,479928,459687,476094
53,310516,312337,310447,314022,306646,309453,290088,293646,310622,313963,339724,342834,353691,356718,354498,358948,360819,365490,444902,451241,417394,424613,388135,395595,373649,382646,361485,369882,358368,366176,359901,368316,362919,372418,361841,370329,370760,379772,291880,298338,399278,406193,406516,414496,413939,422128,430035,438924,443862,453646,451688,464570,459685,474813,463433,479358
54,304647,306360,308946,311541,308697,313038,305001,308748,288973,293575,308603,312708,337880,341739,351273,354867,353438,358469,360058,365913,441218,447574,415266,423443,385891,393558,370888,380815,360025,368294,356011,364829,357913,366629,361870,371407,360369,369197,281821,288170,384708,392445,397722,405347,405155,413566,412999,421518,429088,438360,442875,453110,450443,463942,458773,474242
55,298874,302545,302764,305444,307094,310397,306793,311936,303026,307551,287486,292980,306487,311505,335916,340584,349162,353466,351974,357737,358647,364965,437910,446113,411904,420704,383360,391691,369000,378878,357589,366949,353273,363819,355163,364362,359978,370594,272393,278919,372187,378976,383248,391517,396172,404505,403867,412982,411759,420874,427953,437643,441365,452264,449077,463241
56,293042,295963,296489,301425,300466,304497,304848,309202,304603,310596,300919,306622,285558,292621,304138,310094,333842,339442,346529,351658,349958,356873,355566,363601,433904,443051,408939,418458,380899,389536,366152,377345,354519,365811,350368,361519,352967,363409,273468,281483,358149,366310,370446,377901,381658,390486,394776,403730,402345,412272,410189,420237,426138,436861,439605,451605
57,283415,288134,290416,294369,293949,299870,298059,302990,302363,307569,302186,309193,298567,305218,283549,291406,301846,308737,331432,338098,344013,349953,346784,355455,352142,361043,430486,440604,406202,416095,377967,387865,363135,375932,351478,363397,348178,360494,272015,278412,359232,368363,356445,365141,368622,376725,380163,389644,393423,403022,400779,411466,408371,419428,424184,436233
58,281244,289062,280575,286558,287602,292567,291240,298238,295583,301298,300025,305971,299631,307430,296055,303720,281775,290349,299074,307241,328919,336397,340621,348480,343215,352871,349118,358945,427240,438003,403015,414133,374599,386279,359913,373549,348989,362137,264666,272949,355330,363886,356844,367178,354218,364023,366639,375842,378415,388841,391588,402231,398519,410632,405958,418441
59,288276,296688,278462,287311,277497,284699,284527,290797,288443,296493,293031,299602,297466,304239,296884,305728,293507,302133,279767,289028,296298,305482,325366,334780,337002,345578,340034,350546,346163,356603,423524,435676,399272,412332,371029,383515,357224,372076,267373,276125,344537,355428,352851,362635,354248,366038,352170,363106,364674,375037,376664,387935,389425,401310,395941,409535
60,289653,304425,284362,294760,274987,285582,274204,283040,281257,289077,285249,294692,290008,297941,294391,302346,293949,303959,290625,300895,277035,287713,293068,303771,321663,332937,333265,343358,336177,347833,342130,354091,417364,432652,395905,410264,367940,381515,272872,283780,347508,358822,341873,353922,350160,361276,351854,364916,350167,362126,362766,374008,374305,386729,386958,400174
61,283429,304990,285267,301964,280195,292650,271811,283934,270786,281294,277967,287296,281931,292657,286998,296324,291531,300591,290827,302433,287483,298830,273978,285963,289442,302053,317754,330773,329145,340257,331940,345176,336678,351297,413424,430053,392505,407962,281318,291291,353665,367560,344488,357263,339038,352401,347741,360027,349645,363721,347996,360968,360255,372630,371615,385286
62,276067,298348,278619,301968,280465,299097,275778,290148,267821,281734,266845,279098,274192,285011,278218,290413,283501,294257,288115,298719,287132,299852,283876,296848,270393,284085,285585,299854,313595,327816,324819,337450,326510,342302,333029,349184,409354,427319,298588,309536,363730,376850,350518,365915,341371,355692,336360,351197,345319,358762,347226,362507,345335,359671,357493,370916
63,270465,294156,271076,295406,273403,298818,275494,296185,271220,287502,263627,279539,262803,276823,270180,282818,274419,288179,279861,292435,284248,296093,283296,297576,279774,294663,266565,281841,281403,296791,309030,324902,319105,334341,322753,340002,329459,346837,323434,335018,382951,398568,360339,374957,347330,364021,338724,354244,333812,349821,342576,357300,344199,360710,342516,357872
64,270307,296354,264776,290649,265635,292201,268123,295344,270334,293235,266276,284888,259146,277236,258532,274648,266037,280608,270327,286054,275928,290017,279967,293601,278972,295104,275408,292112,262393,278749,276904,293899,303393,321752,315034,331670,318736,337520,250724,261897,415577,432033,378979,396151,356688,372818,344099,362436,335678,352668,330729,348157,339363,355467,341152,359127
65,271129,299189,264138,292600,258748,286749,259872,288700,262543,291767,264762,289794,260902,281669,254827,274484,254227,271933,261716,278366,266477,283265,271062,287353,274484,290910,273693,292165,270577,289331,257396,274805,272215,290664,299190,319319,310942,328978,244035,255907,321178,336197,410888,429082,374775,393561,353009,370561,340422,360410,331974,350494,326933,345922,335697,352953
66,260917,296361,263839,294947,257533,288452,252375,282641,253857,284817,256654,287936,258900,286105,255562,278457,249909,271675,249300,269392,257362,275383,261348,280368,265404,284400,268963,287863,268724,288988,265357,285559,252971,271823,268080,288017,294759,316506,243585,255357,311199,328008,317268,333527,406033,425759,370703,390849,348975,367768,336563,357795,327911,347889,323224,343286
67,255237,297087,253257,291629,255970,290354,250446,284042,245728,278417,247424,280699,250425,283804,252835,282251,249599,274917,244844,268637,244559,266208,251924,272166,255765,277255,259875,281144,263574,284553,263448,284542,260494,281852,248752,269266,263716,285149,226772,240422,311420,328059,306951,325175,313085,330750,401139,422567,366002,387904,344726,364939,331960,354959,323633,345174
68,248910,297699,247184,292015,245383,286812,248084,285717,243213,279618,238840,273708,240734,276503,244050,279586,246463,278239,243498,271651,239531,265693,238943,262916,246136,268813,249967,273544,254287,277525,257849,280065,258248,280704,255782,278879,244336,266337,201936,216913,289369,309628,306684,324940,302324,322121,308651,327926,395680,418856,361029,384525,340001,361791,327472,351835
69,253524,307610,240181,291997,238729,286522,237240,281760,240033,280533,235674,274613,231655,268736,233936,271922,237251,275007,239762,274232,237672,267681,233586,261891,232539,259157,239812,264878,244176,269676,248247,273000,252118,275986,253134,277220,250731,275609,182151,197946,258169,280193,284257,306294,301597,321488,297435,319002,303869,324703,389759,414713,355389,380843,334709,358452
70,253902,318548,243928,301234,231076,285971,229858,280678,228954,276064,231375,274882,227786,269151,224176,263565,226731,267001,230058,270186,233096,269598,231134,263416,227134,257821,226205,255097,233815,260833,238244,265141,242612,268856,246551,272156,247736,273516,189517,206038,232241,255756,253211,276845,278987,302609,296181,317842,292273,315276,298550,321010,383055,410152,349268,376645
71,254761,327844,243352,311483,233986,294528,221919,279288,220995,274306,220052,269790,222699,268825,219904,263499,216279,258084,219306,261725,223021,264943,225797,264746,224171,258833,220445,253380,219716,250799,227441,255988,232242,260707,236742,264799,240808,268055,187291,206082,240410,265689,227020,252330,247889,273294,273383,298893,290461,313740,286665,311262,292849,317111,375924,405199
72,164256,219553,242877,318626,232600,303889,223469,287269,212465,272456,211531,267698,211083,263324,213740,262539,211411,257395,208150,252237,211848,256299,215421,259497,217992,259461,216724,253612,213618,248540,212868,245889,221100,251200,226104,256471,230563,260383,182365,202022,237351,265109,234508,261671,221555,248579,242115,269375,267272,294594,284335,309430,280539,306772,286543,312740
73,149907,207322,156901,214238,230850,308931,221603,295715,212960,279610,202547,264983,201886,260459,202005,256479,204506,255578,202571,251081,200102,246188,203815,250312,207290,253632,210141,253693,209292,248232,206596,242977,206371,240825,214600,246494,219691,251703,173256,194281,230545,258902,231232,260631,228348,257212,216099,244666,236273,265034,260737,289868,277477,304537,273933,302019
74,159390,223981,141873,200623,149198,208687,218087,298461,210281,287069,202074,271237,192592,257102,192263,252996,192472,249020,194875,248391,194023,244432,191592,239656,195289,244013,198916,247390,202313,247542,201608,242071,199702,237423,199697,235765,207764,241354,164086,187383,217713,249269,224191,254319,224857,255845,222372,252639,210093,240147,230007,260201,253826,284745,270187,299138
75,161136,234492,149779,216074,133514,193566,140984,202678,205590,287851,198739,277816,191042,262506,182383,249046,182086,244980,182573,241195,185586,241138,185014,237337,182816,232815,186755,237056,190838,240663,194247,240895,194048,235863,192456,231843,192704,230326,156084,180345,205743,240152,210965,244028,217282,248997,218364,250774,215612,247443,203808,235265,223159,254929,246316,278921
76,159205,242200,150765,225436,140269,207701,124836,186205,133132,196346,192718,276519,186986,268138,180253,253365,171989,240205,171962,236387,173163,233419,176032,233296,175702,229684,173950,225464,178042,229733,182400,233408,186132,233923,186142,229525,184933,225790,143800,170973,194943,230838,198634,234702,203509,238320,210416,243557,210995,244995,208628,241909,197152,229904,215728,249132
77,149506,235007,147748,231911,139559,215290,130349,198937,116312,178526,125027,189321,179697,264634,175417,258098,168993,243760,161395,230837,162294,227884,163178,225038,166078,225059,166307,221633,165023,217783,169393,221913,173776,226054,177809,226995,177927,222782,136017,166042,178995,217548,187360,224860,191081,228487,196226,232445,202447,237101,203267,238785,201116,235557,189863,223746
78,136311,220303,137711,224011,136213,221185,129111,205579,120718,190109,107667,170221,117089,182019,167079,252523,163620,247295,157347,233775,151276,221679,152174,218712,153227,216113,156320,216178,156794,213310,155911,209384,160580,214082,165042,218242,169263,219523,132200,164657,168328,210464,171324,211092,179314,218098,183409,222256,188015,225678,194087,230502,195018,231833,192839,228622
79,121363,205940,124892,209056,126311,212856,124971,209808,118656,195147,110898,180539,99198,161574,109518,174690,154000,239387,151913,235798,146577,223717,140958,212019,141775,208828,143232,206617,146263,206882,147549,204462,146956,200968,151588,206014,155982,210116,124127,161439,162073,208013,160485,203437,163156,203851,171376,211352,174775,214988,179601,218672,185263,223006,186251,224153
80,107049,192895,110051,194298,113702,197423,114400,200712,113944,198282,107883,184006,101375,170355,91117,152885,101766,167051,141029,225722,140627,224690,135418,212591,130442,201299,131384,198695,133388,196789,136613,197602,138099,195306,137740,192236,142422,197223,114324,154716,151412,201865,153369,200133,151839,195590,154867,196702,162277,203186,165896,207307,170403,210883,175626,214793
81,96187,181964,96337,180716,99294,182172,101957,184874,103427,188381,102821,185783,97416,172508,92063,160294,82989,143712,94125,158757,128863,211964,129162,212429,124310,200973,119910,190252,121219,187961,123550,186728,126932,187783,128646,185809,128161,182883,102988,143510,137671,192095,142281,193053,144171,191376,143293,187782,145722,188243,152996,194940,156484,198801,160475,202210
82,83950,168634,85661,169326,85912,168222,88366,169370,91261,172357,92374,175518,92281,173066,87787,160955,82904,149418,74942,134066,87065,150891,116998,198342,117732,199301,113322,188713,109798,178945,111218,177208,113785,176252,117072,177465,118983,175906,92553,133615,123344,177177,128283,182599,132435,183284,134990,182573,133787,178566,136457,179575,143233,185791,146314,189402
83,71966,154322,73923,155616,75775,156384,75820,155352,78198,156766,80669,159209,81885,161847,82253,160457,77953,148650,73834,138413,67261,124521,79297,141145,105308,184189,106575,185722,102740,176174,99826,167657,101407,166276,104055,165411,107486,166932,84578,125977,109283,163354,113935,167314,118502,172336,122882,173684,124667,172237,124118,169146,126601,170121,132941,175985
84,59620,136505,62638,141172,64597,142603,65840,142715,66325,142361,68352,143319,70863,145782,72149,148863,72277,147019,68463,136253,65605,127400,60112,114790,71646,131227,93782,169623,95695,172153,92665,163341,90285,155791,91879,154681,94278,154240,75754,118487,98834,152191,99655,153035,103926,156442,109044,162215,112442,162382,114574,161737,114048,158756,116050,159667
85,212058,661244,223388,684878,237017,712138,245715,728381,257611,748871,265932,761619,275558,773391,288052,791695,297468,802285,305924,813109,59673,123920,57670,116397,52880,104861,64166,120951,82894,154828,85417,158459,82792,150438,80722,143595,82225,142802,65556,109646,87567,141960,89415,141337,89881,141546,94559,145956,98571,150471,102258,151282,103906,150536,103669,147771
86,,,,,,,,,,,,,,,,,,,,,54489,120690,51689,111889,50251,104988,45945,94511,57086,110713,72823,140465,75464,144678,73174,137403,71449,131243,57060,100780,74967,129572,78149,130434,79740,129719,81063,130839,84424,133863,88486,138636,91920,139336,93155,138433
87,,,,,,,,,,,,,,,,,,,,,45795,108298,46699,107713,44002,99767,42999,93545,39649,84713,50540,100712,63159,126037,66355,130851,63896,124132,49023,100780,64219,118264,66193,117684,68707,118341,70905,118553,71190,118573,74887,121999,78321,126101,81174,126713
88,,,,,,,,,,,,,,,,,,,,,37591,93770,38657,95369,39542,94788,37059,87587,36417,82598,33917,75061,44587,91104,53883,111472,57404,116955,42883,85872,53899,106984,55818,106335,57350,105458,60107,106997,61372,105902,62141,106597,65325,109739,68110,113032
89,,,,,,,,,,,,,,,,,,,,,29724,78933,30996,81329,31977,82537,32954,82281,30737,75839,30683,72229,28723,65794,39122,81385,45461,97069,34832,79234,46501,97634,45993,94571,47477,93714,49451,93957,51143,94082,52736,93966,53366,94277,55652,96759
90,,,,,,,,,,,,,,,,,,,,,85092,291738,89435,298763,93620,304890,98340,310405,102957,315866,105527,317341,108117,316910,108356,309048,118796,317863,95811,261430,130127,355764,141163,372286,148143,379101,157790,393030,163519,392747,171710,399535,178458,401318,183486,400538